{
  "version": 2,
  "builds": [
    {
      "src": "server.js",
      "use": "@vercel/node"
    }
  ],
  "routes": [
    {
      "src": "/api/(.*)",
      "dest": "server.js"
    },
    {
      "src": "/(.*)",
      "dest": "server.js",
      "methods": ["GET", "POST", "PUT", "DELETE", "OPTIONS"],
      "headers": {
        "Access-Control-Allow-Origin": "*",
        "Access-Control-Allow-Methods": "GET, POST, PUT, DELETE, OPTIONS",
        "Access-Control-Allow-Headers": "*",
        "Access-Control-Allow-Credentials": "true"
      }
    }
  ],
  "env": {
    "NODE_ENV": "production"
  }
}
